52,Grey,Sphere,1
52,Grey,Sphere,1
52,Grey,Sphere,1
52,Grey,Sphere,1
52,Grey,Sphere,1
52,Grey,Sphere,1
52,Grey,Sphere,1
52,Grey,Sphere,1
52,Grey,Sphere,1
52,Grey,Sphere,1
52,Grey,Sphere,1
52,Grey,Sphere,1
52,Grey,Sphere,1
52,Grey,Sphere,1
52,Grey,Sphere,1
52,Grey,Sphere,1
52,Grey,Sphere,1
52,Grey,Sphere,1
52,Grey,Sphere,1
52,Grey,Sphere,1
52,Grey,Sphere,1
52,Grey,Sphere,1
52,Grey,Sphere,1
52,Grey,Sphere,1
52,Grey,Sphere,1
52,Grey,Sphere,1
52,Grey,Sphere,1
52,Grey,Sphere,1
52,Grey,Sphere,1
52,Grey,Sphere,1
52,Grey,Sphere,1
52,Grey,Sphere,1
52,Grey,Sphere,1
52,Grey,Sphere,1
52,Grey,Sphere,1
52,Grey,Sphere,1
52,Grey,Sphere,1
52,Grey,Sphere,1
52,Grey,Sphere,1
52,Grey,Sphere,1
52,Grey,Sphere,1
52,Grey,Sphere,1
52,Grey,Sphere,1
52,Grey,Sphere,1
52,Grey,Sphere,1
52,Grey,Sphere,1
52,Grey,Sphere,1
52,Grey,Sphere,1
52,Grey,Sphere,1
52,Grey,Sphere,1
52,Grey,Sphere,1
52,Grey,Sphere,1
52,Grey,Sphere,1
52,Grey,Sphere,1
52,Grey,Sphere,1
52,Grey,Sphere,1
52,Grey,Sphere,1
52,Grey,Sphere,1
52,Grey,Sphere,1
52,Grey,Sphere,1
52,Grey,Sphere,1
52,Grey,Sphere,1
52,Grey,Sphere,1
52,Grey,Sphere,1
52,Grey,Sphere,1
52,Grey,Sphere,1
52,Grey,Sphere,1
52,Grey,Sphere,1
52,Grey,Sphere,1
52,Grey,Sphere,1
52,Grey,Sphere,1
52,Grey,Sphere,1
52,Grey,Sphere,1
52,Grey,Sphere,1
52,Grey,Sphere,1
52,Grey,Sphere,1
52,Grey,Sphere,1
52,Grey,Sphere,1
52,Grey,Sphere,1
52,Grey,Sphere,1
52,Grey,Sphere,1
52,Grey,Sphere,1
52,Grey,Sphere,1
52,Grey,Sphere,1
52,Grey,Sphere,1
52,Grey,Sphere,1
52,Grey,Sphere,1
52,Grey,Sphere,1
52,Grey,Sphere,1
52,Grey,Sphere,1
52,Grey,Sphere,1
52,Grey,Sphere,1
52,Grey,Sphere,1
52,Grey,Sphere,1
52,Grey,Sphere,1
52,Grey,Sphere,1
52,Grey,Sphere,1
52,Grey,Sphere,1
52,Grey,Sphere,1
52,Grey,Sphere,1
52,Grey,Sphere,1
52,Grey,Sphere,1
52,Grey,Sphere,1
52,Grey,Sphere,1
52,Grey,Sphere,1
52,Grey,Sphere,1
52,Grey,Sphere,1
52,Grey,Sphere,1
52,Grey,Sphere,1
52,Grey,Sphere,1
52,Grey,Sphere,1
52,Grey,Sphere,1
52,Grey,Sphere,1
52,Grey,Sphere,1
52,Grey,Sphere,1
52,Grey,Sphere,1
52,Grey,Sphere,1
52,Grey,Sphere,1
52,Grey,Sphere,1
52,Grey,Sphere,1
52,Grey,Sphere,1
52,Grey,Sphere,1
52,Grey,Sphere,1
52,Grey,Sphere,1
52,Grey,Sphere,1
52,Grey,Sphere,1
52,Grey,Sphere,1
52,Grey,Sphere,1
52,Grey,Sphere,1
52,Grey,Sphere,1
52,Grey,Sphere,1
52,Grey,Sphere,1
52,Grey,Sphere,1
52,Grey,Sphere,1
52,Grey,Sphere,1
52,Grey,Sphere,1
52,Grey,Sphere,1
52,Grey,Sphere,1
52,Grey,Sphere,1
52,Grey,Sphere,1
52,Grey,Sphere,1
52,Grey,Sphere,1
52,Grey,Sphere,1
52,Grey,Sphere,1
52,Grey,Sphere,1
52,Grey,Sphere,1
52,Grey,Sphere,1
52,Grey,Sphere,1
52,Grey,Sphere,1
52,Grey,Sphere,1
52,Grey,Sphere,1
52,Grey,Sphere,1
52,Grey,Sphere,1
52,Grey,Sphere,1
52,Grey,Sphere,1
52,Grey,Sphere,1
52,Grey,Sphere,1
52,Grey,Sphere,1
52,Grey,Sphere,1
52,Grey,Sphere,1
52,Grey,Sphere,1
52,Grey,Sphere,1
52,Grey,Sphere,1
52,Grey,Sphere,1
52,Grey,Sphere,1
52,Grey,Sphere,1
52,Grey,Sphere,1
52,Grey,Sphere,1
52,Grey,Sphere,1
52,Grey,Sphere,1
52,Grey,Sphere,1
52,Grey,Sphere,1
52,Grey,Sphere,1
52,Grey,Sphere,1
52,Grey,Sphere,1
52,Grey,Sphere,1
52,Grey,Sphere,1
52,Grey,Sphere,1
52,Grey,Sphere,1
52,Grey,Sphere,1
52,Grey,Sphere,1
52,Grey,Sphere,1
52,Grey,Sphere,1
52,Grey,Sphere,1
52,Grey,Sphere,1
52,Grey,Sphere,1
52,Grey,Sphere,1
52,Grey,Sphere,1
52,Grey,Sphere,1
52,Grey,Sphere,1
52,Grey,Sphere,1
52,Grey,Sphere,1
52,Grey,Sphere,1
52,Grey,Sphere,1
52,Grey,Sphere,1
52,Grey,Sphere,1
52,Grey,Sphere,1
52,Grey,Sphere,1
52,Grey,Sphere,1
52,Grey,Sphere,1
52,Grey,Sphere,1
52,Grey,Sphere,1
52,Grey,Sphere,1
52,Grey,Sphere,1
52,Grey,Sphere,1
52,Grey,Sphere,1
52,Grey,Sphere,1
52,Grey,Sphere,1
52,Grey,Sphere,1
52,Grey,Sphere,1
52,Grey,Sphere,1
52,Grey,Sphere,1
52,Grey,Sphere,1
52,Grey,Sphere,1
52,Grey,Sphere,1
52,Grey,Sphere,1
52,Grey,Sphere,1
52,Grey,Sphere,1
52,Grey,Sphere,1
52,Grey,Sphere,1
52,Grey,Sphere,1
52,Grey,Sphere,1
52,Grey,Sphere,1
52,Grey,Sphere,1
52,Grey,Sphere,1
52,Grey,Sphere,1
52,Grey,Sphere,1
52,Grey,Sphere,1
52,Grey,Sphere,1
52,Grey,Sphere,1
52,Grey,Sphere,1
52,Grey,Sphere,1
52,Grey,Sphere,1
52,Grey,Sphere,1
52,Grey,Sphere,1
52,Grey,Sphere,1
52,Grey,Sphere,1
52,Grey,Sphere,1
52,Grey,Sphere,1
52,Grey,Sphere,1
52,Grey,Sphere,1